model,val_accuracy,val_f1,test_accuracy,test_f1
MLPClassifier,0.7870967741935484,0.8114285714285715,0.8516129032258064,0.8670520231213872
