model,val_mae,val_rmse,test_mae,test_rmse
MLPRegressor,4.241003380392995,5.941620967347783,4.027591237536991,5.3583177590227065
